link,name
http://krazywap.ws/home/files/Music/WWE%20Theme%20Songs/Hornswoggle%20%28Hes%20Da%20Ma%29%28www.krazywap.mobi%29.mp3,Hornswoggle  Hes Da Ma 
http://krazywap.ws/home/files/Music/WWE%20Theme%20Songs/Kane%28www.krazywap.mobi%29.mp3,Kane
http://krazywap.ws/home/files/Music/WWE%20Theme%20Songs/Shelton%20Benjamin%20%28Aint%20No%20Stoppin%20Me%29%28www.krazywap.mobi%29.mp3,Shelton Benjamin  Aint No Stoppin Me 
http://krazywap.ws/home/files/Music/WWE%20Theme%20Songs/Batista%20%28I%20Walk%20Alone%29%28www.krazywap.mobi%29.mp3,Batista  I Walk Alone 
http://krazywap.ws/home/files/Music/Instrumental/Unchained%20Melodies%20Encore%20Soul%20Search%20Instrumental/12%20-%20Jag%20Soona%20Soona%20%28Om%20Shanti%20Om%29%20-%20Instrumental%28www.krazywap.mobi%29.mp3,12 - Jag Soona Soona  Om Shanti Om  - Instrumental
http://krazywap.ws/home/files/Music/IndiPop/MTV%20Coke%20Studio%20-%20Vol.1%20%282011%29/18%20-%20Vethalai%28www.krazywap.mobi%29.mp3,18 - Vethalai
http://krazywap.ws/home/files/Music/Devotional%20Song%20%28Bhajans%29/Sai%20Ram%20Bhajans/Collection%20-%2001/Sai%20Beda%20Par%20Kardo%20-%20%28Master%20Rana%29%28www.krazywap.mobi%29.mp3,Sai Beda Par Kardo -  Master Rana 
http://krazywap.ws/home/files/Music/English%20Music/Enrique%20Iglesias/insomniac/Wish%20I%20Was%20Your%20Lover%28www.krazywap.mobi%29.mp3,Wish I Was Your Lover
http://krazywap.ws/home/files/Music/A%20To%20Z%20Bengali%20Songs/0%20-%209/8.08er%20Bongaon%20Local/Sahaj%20Manush%28www.krazywap.mobi%29.mp3,Sahaj Manush
http://krazywap.ws/home/files/Music/IndiPop/MTV%20Coke%20Studio%20-%20Vol.1%20%282011%29/01%20-%20Allah%20Hi%20Reham%28www.krazywap.mobi%29.mp3,01 - Allah Hi Reham
http://krazywap.ws/home/files/Music/DJ%20Remixes/Singles/Zero%20Hour%20Mashup%20%282013%29%20-%20DJ%20Kiran%20Kamath%28www.krazywap.mobi%29.mp3,Zero Hour Mashup  2013  - DJ Kiran Kamath
http://krazywap.ws/home/files/Music/A%20To%20Z%20Bengali%20Songs/0%20-%209/19%20Se%20April/Sidhu%28www.krazywap.mobi%29.mp3,Sidhu
http://krazywap.ws/home/files/Music/Exclusive%20Single%20Track/Pakeezah%20-%20Ungli%28www.krazywap.mobi%29.mp3,Pakeezah - Ungli
